url,type,current_value,proposed_rewrite,chars,note
/about-us,title,About Coss Cloud Solutions … IT Training Institute Hyderabad (RECONSTRUCTED from truncated live title),About Us — IT Training Institute in Hyderabad,45,Current value reconstructed from a truncated/garbled live <title> tag -- this environment could not query the PageSeo DB directly (network to Supabase blocked). Verify exact stored metaTitle in admin panel before applying.
/why-us,title,Why Choose Coss Cloud Solutions for IT Training in Hyderabad,Why Choose Us for IT Training in Hyderabad,42,
/contact-us,title,Contact Coss Cloud Solutions … Hyderabad IT Training (RECONSTRUCTED from truncated live title),Contact Us — IT Training Institute in Hyderabad,47,Current value reconstructed from a truncated/garbled live <title> tag -- verify exact stored metaTitle in admin panel before applying.
/courses/digital-design/digital-marketing-training-in-hyderabad,title,Digital Marketing Training in Hyderabad | COSS Solutions,Digital Marketing Training in Hyderabad,39,"Course.seoTitle field -- brand appended as short form ""COSS Solutions""; buildTitle() will still add "" | Coss Cloud Solutions"" once, so drop it from the stored value."
/blog/learning-tally-with-coss-cloud-solutions-in-dilsukhnagar-hyderabad,title,"Learning Tally with Coss Cloud Solutions in Dilsukhnagar, Hyderabad","Tally Course in Dilsukhnagar — Fees, Syllabus & Placement",57,User-provided example rewrite.
/blog/learn-tally-in-dilsukhnagar-hyderabad-by-coss-cloud-solutions,title,"Learn Tally in  Dilsukhnagar, Hyderabad by Coss Cloud Solutions",Tally Training in Dilsukhnagar — Course & Career Guide,54,Near-duplicate topic/content of learning-tally-with-coss-cloud-solutions-in-dilsukhnagar-hyderabad -- consider merging or canonicalizing the two posts.
/blog/learn-ms-office-in-dilsukhnagar-hyderabad-by-coss-cloud-solutions,title,"Learn MS Office in Dilsukhnagar, Hyderabad by Coss Cloud Solutions",MS Office Course in Dilsukhnagar — Fees & Certification,55,
/blog/learn-linux-with-coss-cloud-solutions-in-dilsukhnagar-hyderabad,title,"Learn Linux with Coss Cloud Solutions in Dilsukhnagar, Hyderabad",Linux Training in Dilsukhnagar — Course & Certification,55,
/blog/learn-ethical-hacking-in-hyderabad-with-coss-cloud-solutions,title,Learn Ethical Hacking in Hyderabad with Coss Cloud Solutions,Ethical Hacking Course in Hyderabad — Fees & Syllabus,53,
/blog/learn-azure-cloud-with-coss-cloud-solutions-in-hyderabad,title,Learn Azure Cloud with Coss Cloud Solutions in Hyderabad,Azure Cloud Training in Hyderabad — Fees & Certification,56,
/blog/learn-aws-devops-in-hyderabad-with-coss-cloud-solutions,title,Learn AWS DevOps in Hyderabad with Coss Cloud Solutions,AWS DevOps Course in Hyderabad — Fees & Placement,49,Near-duplicate topic of learn-aws-devops-from-industry-experts-at-coss-cloud-solutions-hyderabad and blog/77674-2 -- three posts cover the same AWS DevOps/Hyderabad topic.
/blog/learn-aws-devops-from-industry-experts-at-coss-cloud-solutions-hyderabad,title,"Learn AWS DevOps from Industry Experts at Coss Cloud Solutions, Hyderabad!",AWS DevOps Training in Hyderabad — Learn from Industry Experts,62,Near-duplicate of learn-aws-devops-in-hyderabad-with-coss-cloud-solutions and blog/77674-2.
/blog/get-placed-with-coss-cloud-solutions-corporate-training-in-hyderabad,title,"Get Placed with Coss Cloud Solutions ""Corporate Training"" in Hyderabad",Corporate IT Training in Hyderabad — Placement Support,54,
/blog/devops-training-in-hyderabad-with-coss-cloud-solutions,title,DevOps Training in Hyderabad with Coss Cloud Solutions,DevOps Training in Hyderabad — Course & Placement,49,Near-duplicate topic of devops-training-in-dilsukhnagar.
/blog/devops-training-in-dilsukhnagar,title,Top DevOps Training in Dilsukhnagar — Learn from Coss Cloud Solutions,DevOps Training in Dilsukhnagar — Fees & Syllabus,49,Near-duplicate of devops-training-in-hyderabad-with-coss-cloud-solutions.
/blog/coss-cloud-solutions-best-linux-training-institute-in-dilsukhnagar-hyderabad,title,"Coss Cloud Solutions — Best Linux Training Institute in Dilsukhnagar, Hyderabad",Best Linux Training Institute in Dilsukhnagar,45,Near-duplicate topic of learn-linux-with-coss-cloud-solutions-in-dilsukhnagar-hyderabad.
/blog/cloud-computing-future-in-hyderabad-with-coss-cloud-solutions,title,Cloud Computing Future in Hyderabad with Coss Cloud Solutions,Future of Cloud Computing Careers in Hyderabad,46,Near-duplicate topic of cloud-computing-classes-with-coss-cloud-solutions-in-hyderabad.
/blog/cloud-computing-classes-with-coss-cloud-solutions-in-hyderabad,title,Cloud Computing Classes with Coss Cloud Solutions in Hyderabad,Cloud Computing Classes in Hyderabad — Fees & Duration,54,Near-duplicate of cloud-computing-future-in-hyderabad-with-coss-cloud-solutions.
/blog/best-digital-marketing-course-in-dilsukhnagar-coss-cloud-solutions,title,Why COSS Cloud Solutions Offers the Best Digital Marketing Course in Hyderabad,Best Digital Marketing Course in Dilsukhnagar,45,
/blog/azure-devops-training-dilsukhnagar-hyderabad,title,Azure DevOps Training in Dilsukhnagar at Coss Cloud Solutions,Azure DevOps Training in Dilsukhnagar — Fees & Career,53,
/blog/aws-cloud-training-advantages-with-coss-cloud-solutions-in-hyderabad,title,AWS Cloud Training Advantages with Coss Cloud Solutions in Hyderabad,Advantages of AWS Cloud Training in Hyderabad,45,Near-duplicate topic of aws-cloud-course-training-in-hyderabad-with-coss-cloud-solutions.
/blog/aws-cloud-course-training-in-hyderabad-with-coss-cloud-solutions,title,AWS Cloud Course Training in Hyderabad with Coss Cloud Solutions,AWS Cloud Course Training in Hyderabad — Fees & Duration,56,Near-duplicate of aws-cloud-training-advantages-with-coss-cloud-solutions-in-hyderabad.
/blog/77674-2,title,Master AWS DevOps in Hyderabad with Coss Cloud Solutions,Master AWS DevOps Training in Hyderabad,39,"Slug is a bare numeric WP post ID (""77674-2"") -- looks like an orphaned/duplicate import of the AWS DevOps topic already covered by learn-aws-devops-in-hyderabad-with-coss-cloud-solutions and learn-aws-devops-from-industry-experts-at-coss-cloud-solutions-hyderabad. Consider a 301 redirect/merge instead of just a title fix."
/azure-data-engineer-training-in-hyderabad,description,"Best Azure Data Engineer Training in Hyderabad Coss Cloud Solutions — Expert IT training insights from Coss Cloud Solutions, Hyderabad&#x27;s leading IT institute.","Best Azure Data Engineer Training in Hyderabad — Expert IT training insights from Coss Cloud Solutions, Hyderabad's leading IT institute.",137,Description source route unconfirmed (not the /blog/ MDX fallback path) -- verify against PageSeo/course DB before applying.
/blog/sql-mysql-postgresql-training-in-hyderabad,description,"Best SQL/MySQL/PostgreSQL Training in Hyderabad Coss Cloud Solutions — Expert IT training insights from Coss Cloud Solutions, Hyderabad&#x27;s leading IT institut…","Best SQL/MySQL/PostgreSQL Training in Hyderabad — Expert IT training insights from Coss Cloud Solutions, Hyderabad's leading IT institute.",138,Shared code-template bug in src/app/blog/[slug]/page.tsx fallback description generator (isCleanExcerpt=false branch) concatenates titleStr + fixed brand tagline -- double-counts brand whenever titleStr itself mentions it. One code fix (strip brand from titleStr before concatenating) resolves all rows sharing this note.
/blog/spoken-english-institute-in-hyderabad,description,"Best Spoken English Institute in Hyderabad COSS Cloud Solutions — Expert IT training insights from Coss Cloud Solutions, Hyderabad&#x27;s leading IT institute.","Best Spoken English Institute in Hyderabad — Expert IT training insights from Coss Cloud Solutions, Hyderabad's leading IT institute.",133,Shared code-template bug in src/app/blog/[slug]/page.tsx fallback description generator (isCleanExcerpt=false branch) concatenates titleStr + fixed brand tagline -- double-counts brand whenever titleStr itself mentions it. One code fix (strip brand from titleStr before concatenating) resolves all rows sharing this note.
/blog/soc-analyst-training-hyderabad,description,"SOC Analyst Course Training in Dilsukhnagar Hyderabad | COSS Cloud Solutions — Expert IT training insights from Coss Cloud Solutions, Hyderabad&#x27;s leading IT …","SOC Analyst Course Training in Dilsukhnagar Hyderabad — Expert IT training insights from Coss Cloud Solutions, Hyderabad's leading IT institute.",144,Shared code-template bug in src/app/blog/[slug]/page.tsx fallback description generator (isCleanExcerpt=false branch) concatenates titleStr + fixed brand tagline -- double-counts brand whenever titleStr itself mentions it. One code fix (strip brand from titleStr before concatenating) resolves all rows sharing this note.
/blog/sap-fico-training-in-hyderabad,description,"Best SAP Fico Training in Hyderabad Coss Cloud Solutions — Expert IT training insights from Coss Cloud Solutions, Hyderabad&#x27;s leading IT institute.","Best SAP Fico Training in Hyderabad — Expert IT training insights from Coss Cloud Solutions, Hyderabad's leading IT institute.",126,Shared code-template bug in src/app/blog/[slug]/page.tsx fallback description generator (isCleanExcerpt=false branch) concatenates titleStr + fixed brand tagline -- double-counts brand whenever titleStr itself mentions it. One code fix (strip brand from titleStr before concatenating) resolves all rows sharing this note.
/blog/machine-learning-training-in-hyderabad,description,"Best Machine Learning Training in Hyderabad Coss Cloud Solutions — Expert IT training insights from Coss Cloud Solutions, Hyderabad&#x27;s leading IT institute.","Best Machine Learning Training in Hyderabad — Expert IT training insights from Coss Cloud Solutions, Hyderabad's leading IT institute.",134,Shared code-template bug in src/app/blog/[slug]/page.tsx fallback description generator (isCleanExcerpt=false branch) concatenates titleStr + fixed brand tagline -- double-counts brand whenever titleStr itself mentions it. One code fix (strip brand from titleStr before concatenating) resolves all rows sharing this note.
/blog/learning-tally-with-coss-cloud-solutions-in-dilsukhnagar-hyderabad,description,"Learning Tally with Coss Cloud Solutions in Dilsukhnagar, Hyderabad — Expert IT training insights from Coss Cloud Solutions, Hyderabad&#x27;s leading IT institute.","Learning Tally in Dilsukhnagar, Hyderabad — Expert IT training insights from Coss Cloud Solutions, Hyderabad's leading IT institute.",132,Shared code-template bug in src/app/blog/[slug]/page.tsx fallback description generator (isCleanExcerpt=false branch) concatenates titleStr + fixed brand tagline -- double-counts brand whenever titleStr itself mentions it. One code fix (strip brand from titleStr before concatenating) resolves all rows sharing this note.
/blog/learn-tally-in-dilsukhnagar-hyderabad-by-coss-cloud-solutions,description,"Learn Tally in Dilsukhnagar, Hyderabad by Coss Cloud Solutions — Expert IT training insights from Coss Cloud Solutions, Hyderabad&#x27;s leading IT institute.","Learn Tally in Dilsukhnagar, Hyderabad — Expert IT training insights from Coss Cloud Solutions, Hyderabad's leading IT institute.",129,Shared code-template bug in src/app/blog/[slug]/page.tsx fallback description generator (isCleanExcerpt=false branch) concatenates titleStr + fixed brand tagline -- double-counts brand whenever titleStr itself mentions it. One code fix (strip brand from titleStr before concatenating) resolves all rows sharing this note.
/blog/learn-ms-office-in-dilsukhnagar-hyderabad-by-coss-cloud-solutions,description,"Learn MS Office in Dilsukhnagar, Hyderabad by Coss Cloud Solutions — Expert IT training insights from Coss Cloud Solutions, Hyderabad&#x27;s leading IT institute.","Learn MS Office in Dilsukhnagar, Hyderabad — Expert IT training insights from Coss Cloud Solutions, Hyderabad's leading IT institute.",133,Shared code-template bug in src/app/blog/[slug]/page.tsx fallback description generator (isCleanExcerpt=false branch) concatenates titleStr + fixed brand tagline -- double-counts brand whenever titleStr itself mentions it. One code fix (strip brand from titleStr before concatenating) resolves all rows sharing this note.
/blog/learn-linux-with-coss-cloud-solutions-in-dilsukhnagar-hyderabad,description,"Learn Linux with Coss Cloud Solutions in Dilsukhnagar, Hyderabad — Expert IT training insights from Coss Cloud Solutions, Hyderabad&#x27;s leading IT institute.","Learn Linux in Dilsukhnagar, Hyderabad — Expert IT training insights from Coss Cloud Solutions, Hyderabad's leading IT institute.",129,Shared code-template bug in src/app/blog/[slug]/page.tsx fallback description generator (isCleanExcerpt=false branch) concatenates titleStr + fixed brand tagline -- double-counts brand whenever titleStr itself mentions it. One code fix (strip brand from titleStr before concatenating) resolves all rows sharing this note.
/blog/learn-ethical-hacking-in-hyderabad-with-coss-cloud-solutions,description,"Learn Ethical Hacking in Hyderabad with Coss Cloud Solutions — Expert IT training insights from Coss Cloud Solutions, Hyderabad&#x27;s leading IT institute.","Learn Ethical Hacking in Hyderabad — Expert IT training insights from Coss Cloud Solutions, Hyderabad's leading IT institute.",125,Shared code-template bug in src/app/blog/[slug]/page.tsx fallback description generator (isCleanExcerpt=false branch) concatenates titleStr + fixed brand tagline -- double-counts brand whenever titleStr itself mentions it. One code fix (strip brand from titleStr before concatenating) resolves all rows sharing this note.
/blog/learn-digital-marketing-in-dilsukhnagar-hyderabad-with-coss-cloud-solutions,description,"Learn Digital Marketing in Dilsukhnagar, Hyderabad with Coss Cloud Solutions — Expert IT training insights from Coss Cloud Solutions, Hyderabad&#x27;s leading IT …","Learn Digital Marketing in Dilsukhnagar, Hyderabad — Expert IT training insights from Coss Cloud Solutions, Hyderabad's leading IT institute.",141,Shared code-template bug in src/app/blog/[slug]/page.tsx fallback description generator (isCleanExcerpt=false branch) concatenates titleStr + fixed brand tagline -- double-counts brand whenever titleStr itself mentions it. One code fix (strip brand from titleStr before concatenating) resolves all rows sharing this note.
/blog/learn-azure-devops-in-dilsukhnagar-hyderabad-with-coss-cloud-solutions,description,"Learn Azure DevOps in Dilsukhnagar, Hyderabad with Coss Cloud Solutions — Expert IT training insights from Coss Cloud Solutions, Hyderabad&#x27;s leading IT insti…","Learn Azure DevOps in Dilsukhnagar, Hyderabad — Expert IT training insights from Coss Cloud Solutions, Hyderabad's leading IT institute.",136,Shared code-template bug in src/app/blog/[slug]/page.tsx fallback description generator (isCleanExcerpt=false branch) concatenates titleStr + fixed brand tagline -- double-counts brand whenever titleStr itself mentions it. One code fix (strip brand from titleStr before concatenating) resolves all rows sharing this note.
/blog/learn-azure-cloud-with-coss-cloud-solutions-in-hyderabad,description,"Learn Azure Cloud with Coss Cloud Solutions in Hyderabad — Expert IT training insights from Coss Cloud Solutions, Hyderabad&#x27;s leading IT institute.","Learn Azure Cloud in Hyderabad — Expert IT training insights from Coss Cloud Solutions, Hyderabad's leading IT institute.",121,Shared code-template bug in src/app/blog/[slug]/page.tsx fallback description generator (isCleanExcerpt=false branch) concatenates titleStr + fixed brand tagline -- double-counts brand whenever titleStr itself mentions it. One code fix (strip brand from titleStr before concatenating) resolves all rows sharing this note.
/blog/learn-aws-devops-in-hyderabad-with-coss-cloud-solutions,description,"Learn AWS DevOps in Hyderabad with Coss Cloud Solutions — Expert IT training insights from Coss Cloud Solutions, Hyderabad&#x27;s leading IT institute.","Learn AWS DevOps in Hyderabad — Expert IT training insights from Coss Cloud Solutions, Hyderabad's leading IT institute.",120,Shared code-template bug in src/app/blog/[slug]/page.tsx fallback description generator (isCleanExcerpt=false branch) concatenates titleStr + fixed brand tagline -- double-counts brand whenever titleStr itself mentions it. One code fix (strip brand from titleStr before concatenating) resolves all rows sharing this note.
/blog/learn-aws-devops-from-industry-experts-at-coss-cloud-solutions-hyderabad,description,"Learn AWS DevOps from Industry Experts at Coss Cloud Solutions, Hyderabad! — Expert IT training insights from Coss Cloud Solutions, Hyderabad&#x27;s leading IT in…","Learn AWS DevOps from Industry Experts, Hyderabad! — Expert IT training insights from Coss Cloud Solutions, Hyderabad's leading IT institute.",141,Shared code-template bug in src/app/blog/[slug]/page.tsx fallback description generator (isCleanExcerpt=false branch) concatenates titleStr + fixed brand tagline -- double-counts brand whenever titleStr itself mentions it. One code fix (strip brand from titleStr before concatenating) resolves all rows sharing this note.
/blog/grow-your-skills-with-cloud-computing-in-hyderabad-coss-cloud-solutions,description,"Grow Your Skills with Cloud Computing in Hyderabad Coss Cloud Solutions — Expert IT training insights from Coss Cloud Solutions, Hyderabad&#x27;s leading IT insti…","Grow Your Skills with Cloud Computing in Hyderabad — Expert IT training insights from Coss Cloud Solutions, Hyderabad's leading IT institute.",141,Shared code-template bug in src/app/blog/[slug]/page.tsx fallback description generator (isCleanExcerpt=false branch) concatenates titleStr + fixed brand tagline -- double-counts brand whenever titleStr itself mentions it. One code fix (strip brand from titleStr before concatenating) resolves all rows sharing this note.
/blog/get-placed-with-coss-cloud-solutions-corporate-training-in-hyderabad,description,"Get Placed with Coss Cloud Solutions ""Corporate Training"" in Hyderabad — Expert IT training insights from Coss Cloud Solutions, Hyderabad&#x27;s leading IT instit…","Get Placed \""Corporate Training\"" in Hyderabad — Expert IT training insights from Coss Cloud Solutions, Hyderabad's leading IT institute.",137,Shared code-template bug in src/app/blog/[slug]/page.tsx fallback description generator (isCleanExcerpt=false branch) concatenates titleStr + fixed brand tagline -- double-counts brand whenever titleStr itself mentions it. One code fix (strip brand from titleStr before concatenating) resolves all rows sharing this note.
/blog/full-stack-power-bi-training-in-hyderabad,description,"Best Full Stack Power BI Training in Hyderabad Coss Cloud Solutions — Expert IT training insights from Coss Cloud Solutions, Hyderabad&#x27;s leading IT institute.","Best Full Stack Power BI Training in Hyderabad — Expert IT training insights from Coss Cloud Solutions, Hyderabad's leading IT institute.",137,Shared code-template bug in src/app/blog/[slug]/page.tsx fallback description generator (isCleanExcerpt=false branch) concatenates titleStr + fixed brand tagline -- double-counts brand whenever titleStr itself mentions it. One code fix (strip brand from titleStr before concatenating) resolves all rows sharing this note.
/blog/digital-marketing-training-in-dilsukhnagar-hyderabad-with-coss-cloud-solutions,description,"Digital Marketing Training in Dilsukhnagar, Hyderabad with Coss Cloud Solutions — Expert IT training insights from Coss Cloud Solutions, Hyderabad&#x27;s leading …","Digital Marketing Training in Dilsukhnagar, Hyderabad — Expert IT training insights from Coss Cloud Solutions, Hyderabad's leading IT institute.",144,Shared code-template bug in src/app/blog/[slug]/page.tsx fallback description generator (isCleanExcerpt=false branch) concatenates titleStr + fixed brand tagline -- double-counts brand whenever titleStr itself mentions it. One code fix (strip brand from titleStr before concatenating) resolves all rows sharing this note.
/blog/digital-marketing-institute-in-kukatpally-hyderabad-coss-cloud-solutions,description,"Digital Marketing Institute in Kukatpally, Hyderabad Coss Cloud Solutions — Expert IT training insights from Coss Cloud Solutions, Hyderabad&#x27;s leading IT ins…","Digital Marketing Institute in Kukatpally, Hyderabad — Expert IT training insights from Coss Cloud Solutions, Hyderabad's leading IT institute.",143,Shared code-template bug in src/app/blog/[slug]/page.tsx fallback description generator (isCleanExcerpt=false branch) concatenates titleStr + fixed brand tagline -- double-counts brand whenever titleStr itself mentions it. One code fix (strip brand from titleStr before concatenating) resolves all rows sharing this note.
/blog/digital-marketing-course-training-dilsukhnagar-hyderabad,description,"Digital Marketing Course Training in Dilsukhnagar Hyderabad | Coss Cloud Solutions — Expert IT training insights from Coss Cloud Solutions, Hyderabad&#x27;s leadi…","Digital Marketing Course Training in Dilsukhnagar – Hyderabad — Expert IT training insights from Coss Cloud Solutions, Hyderabad's leading IT institute.",152,Shared code-template bug in src/app/blog/[slug]/page.tsx fallback description generator (isCleanExcerpt=false branch) concatenates titleStr + fixed brand tagline -- double-counts brand whenever titleStr itself mentions it. One code fix (strip brand from titleStr before concatenating) resolves all rows sharing this note.
/blog/digital-marketing-course-in-hyderabad,description,"Enroll for Digital Marketing Course in Hyderabad with COSS Cloud Solutions — Expert IT training insights from Coss Cloud Solutions, Hyderabad&#x27;s leading IT in…","Enroll for Digital Marketing Course in Hyderabad — Expert IT training insights from Coss Cloud Solutions, Hyderabad's leading IT institute.",139,Shared code-template bug in src/app/blog/[slug]/page.tsx fallback description generator (isCleanExcerpt=false branch) concatenates titleStr + fixed brand tagline -- double-counts brand whenever titleStr itself mentions it. One code fix (strip brand from titleStr before concatenating) resolves all rows sharing this note.
/blog/digital-marketing-classes-in-hyderabad,description,"Digital Marketing Classes in Hyderabad Coss Cloud Solutions — Expert IT training insights from Coss Cloud Solutions, Hyderabad&#x27;s leading IT institute.","Digital Marketing Classes in Hyderabad — Expert IT training insights from Coss Cloud Solutions, Hyderabad's leading IT institute.",129,Shared code-template bug in src/app/blog/[slug]/page.tsx fallback description generator (isCleanExcerpt=false branch) concatenates titleStr + fixed brand tagline -- double-counts brand whenever titleStr itself mentions it. One code fix (strip brand from titleStr before concatenating) resolves all rows sharing this note.
/blog/devops-training-in-hyderabad-with-coss-cloud-solutions,description,"DevOps Training in Hyderabad with Coss Cloud Solutions — Expert IT training insights from Coss Cloud Solutions, Hyderabad&#x27;s leading IT institute.","DevOps Training in Hyderabad — Expert IT training insights from Coss Cloud Solutions, Hyderabad's leading IT institute.",119,Shared code-template bug in src/app/blog/[slug]/page.tsx fallback description generator (isCleanExcerpt=false branch) concatenates titleStr + fixed brand tagline -- double-counts brand whenever titleStr itself mentions it. One code fix (strip brand from titleStr before concatenating) resolves all rows sharing this note.
/blog/devops-training-in-dilsukhnagar,description,"Top DevOps Training in Dilsukhnagar Learn from Coss Cloud Solutions — Expert IT training insights from Coss Cloud Solutions, Hyderabad&#x27;s leading IT institute.","Top DevOps Training in Dilsukhnagar – Learn — Expert IT training insights from Coss Cloud Solutions, Hyderabad's leading IT institute.",134,Shared code-template bug in src/app/blog/[slug]/page.tsx fallback description generator (isCleanExcerpt=false branch) concatenates titleStr + fixed brand tagline -- double-counts brand whenever titleStr itself mentions it. One code fix (strip brand from titleStr before concatenating) resolves all rows sharing this note.
/blog/data-science-training-institute-in-dilsukhnagar-coss-cloud-solutions,description,"Data Science Training Institute in Dilsukhnagar Coss Cloud Solutions — Expert IT training insights from Coss Cloud Solutions, Hyderabad&#x27;s leading IT institut…","Data Science Training Institute in Dilsukhnagar — Expert IT training insights from Coss Cloud Solutions, Hyderabad's leading IT institute.",138,Shared code-template bug in src/app/blog/[slug]/page.tsx fallback description generator (isCleanExcerpt=false branch) concatenates titleStr + fixed brand tagline -- double-counts brand whenever titleStr itself mentions it. One code fix (strip brand from titleStr before concatenating) resolves all rows sharing this note.
/blog/data-science-training-in-hyderabad,description,"Best Data Science Training in Hyderabad Coss Cloud Solutions — Expert IT training insights from Coss Cloud Solutions, Hyderabad&#x27;s leading IT institute.","Best Data Science Training in Hyderabad — Expert IT training insights from Coss Cloud Solutions, Hyderabad's leading IT institute.",130,Shared code-template bug in src/app/blog/[slug]/page.tsx fallback description generator (isCleanExcerpt=false branch) concatenates titleStr + fixed brand tagline -- double-counts brand whenever titleStr itself mentions it. One code fix (strip brand from titleStr before concatenating) resolves all rows sharing this note.
/blog/data-analytics-training-in-hyderabad,description,"Best Data Analytics Training in Hyderabad Coss Cloud Solutions — Expert IT training insights from Coss Cloud Solutions, Hyderabad&#x27;s leading IT institute.","Best Data Analytics Training in Hyderabad — Expert IT training insights from Coss Cloud Solutions, Hyderabad's leading IT institute.",132,Shared code-template bug in src/app/blog/[slug]/page.tsx fallback description generator (isCleanExcerpt=false branch) concatenates titleStr + fixed brand tagline -- double-counts brand whenever titleStr itself mentions it. One code fix (strip brand from titleStr before concatenating) resolves all rows sharing this note.
/blog/coss-cloud-solutions-best-linux-training-institute-in-dilsukhnagar-hyderabad,description,"Coss Cloud Solutions Best Linux Training Institute in Dilsukhnagar, Hyderabad — Expert IT training insights from Coss Cloud Solutions, Hyderabad&#x27;s leading IT…","Best Linux Training Institute in Dilsukhnagar, Hyderabad — Expert IT training insights from Coss Cloud Solutions, Hyderabad's leading IT institute.",147,Shared code-template bug in src/app/blog/[slug]/page.tsx fallback description generator (isCleanExcerpt=false branch) concatenates titleStr + fixed brand tagline -- double-counts brand whenever titleStr itself mentions it. One code fix (strip brand from titleStr before concatenating) resolves all rows sharing this note.
/blog/cloud-computing-future-in-hyderabad-with-coss-cloud-solutions,description,"Cloud Computing Future in Hyderabad with Coss Cloud Solutions — Expert IT training insights from Coss Cloud Solutions, Hyderabad&#x27;s leading IT institute.","Cloud Computing Future in Hyderabad — Expert IT training insights from Coss Cloud Solutions, Hyderabad's leading IT institute.",126,Shared code-template bug in src/app/blog/[slug]/page.tsx fallback description generator (isCleanExcerpt=false branch) concatenates titleStr + fixed brand tagline -- double-counts brand whenever titleStr itself mentions it. One code fix (strip brand from titleStr before concatenating) resolves all rows sharing this note.
/blog/cloud-computing-classes-with-coss-cloud-solutions-in-hyderabad,description,"Cloud Computing Classes with Coss Cloud Solutions in Hyderabad — Expert IT training insights from Coss Cloud Solutions, Hyderabad&#x27;s leading IT institute.","Cloud Computing Classes in Hyderabad — Expert IT training insights from Coss Cloud Solutions, Hyderabad's leading IT institute.",127,Shared code-template bug in src/app/blog/[slug]/page.tsx fallback description generator (isCleanExcerpt=false branch) concatenates titleStr + fixed brand tagline -- double-counts brand whenever titleStr itself mentions it. One code fix (strip brand from titleStr before concatenating) resolves all rows sharing this note.
/blog/best-tally-institute-in-hyderabad-coss-cloud-solutions,description,"Best Tally Institute in Hyderabad Coss Cloud Solutions — Expert IT training insights from Coss Cloud Solutions, Hyderabad&#x27;s leading IT institute.","Best Tally Institute in Hyderabad — Expert IT training insights from Coss Cloud Solutions, Hyderabad's leading IT institute.",124,Shared code-template bug in src/app/blog/[slug]/page.tsx fallback description generator (isCleanExcerpt=false branch) concatenates titleStr + fixed brand tagline -- double-counts brand whenever titleStr itself mentions it. One code fix (strip brand from titleStr before concatenating) resolves all rows sharing this note.
/blog/best-tally-institute-in-dilsukhnagar-hyderabad-coss-cloud-solutions,description,"Best Tally Institute in Dilsukhnagar, Hyderabad Coss Cloud Solutions — Expert IT training insights from Coss Cloud Solutions, Hyderabad&#x27;s leading IT institut…","Best Tally Institute in Dilsukhnagar, Hyderabad — Expert IT training insights from Coss Cloud Solutions, Hyderabad's leading IT institute.",138,Shared code-template bug in src/app/blog/[slug]/page.tsx fallback description generator (isCleanExcerpt=false branch) concatenates titleStr + fixed brand tagline -- double-counts brand whenever titleStr itself mentions it. One code fix (strip brand from titleStr before concatenating) resolves all rows sharing this note.
/blog/best-spoken-english-institute-in-dilsukhnagar-hyderabad-coss-cloud-solutions,description,"Best Spoken English Institute in Dilsukhnagar, Hyderabad Coss Cloud Solutions — Expert IT training insights from Coss Cloud Solutions, Hyderabad&#x27;s leading IT…","Best Spoken English Institute in Dilsukhnagar, Hyderabad — Expert IT training insights from Coss Cloud Solutions, Hyderabad's leading IT institute.",147,Shared code-template bug in src/app/blog/[slug]/page.tsx fallback description generator (isCleanExcerpt=false branch) concatenates titleStr + fixed brand tagline -- double-counts brand whenever titleStr itself mentions it. One code fix (strip brand from titleStr before concatenating) resolves all rows sharing this note.
/blog/best-salesforce-institute-dilsukhnagar-hyderabad-coss-cloud-solutions,description,"Best Salesforce Institute in Dilsukhnagar, Hyderabad Coss Cloud Solutions — Expert IT training insights from Coss Cloud Solutions, Hyderabad&#x27;s leading IT ins…","Best Salesforce Institute in Dilsukhnagar, Hyderabad — Expert IT training insights from Coss Cloud Solutions, Hyderabad's leading IT institute.",143,Shared code-template bug in src/app/blog/[slug]/page.tsx fallback description generator (isCleanExcerpt=false branch) concatenates titleStr + fixed brand tagline -- double-counts brand whenever titleStr itself mentions it. One code fix (strip brand from titleStr before concatenating) resolves all rows sharing this note.
/blog/best-python-institute-in-hyderabad-coss-cloud-solutions,description,"Best Python Institute in Hyderabad Coss Cloud Solutions — Expert IT training insights from Coss Cloud Solutions, Hyderabad&#x27;s leading IT institute.","Best Python Institute in Hyderabad — Expert IT training insights from Coss Cloud Solutions, Hyderabad's leading IT institute.",125,Shared code-template bug in src/app/blog/[slug]/page.tsx fallback description generator (isCleanExcerpt=false branch) concatenates titleStr + fixed brand tagline -- double-counts brand whenever titleStr itself mentions it. One code fix (strip brand from titleStr before concatenating) resolves all rows sharing this note.
/blog/best-python-institute-in-dilsukhnagar-hyderabad-coss-cloud-solutions,description,"Best Python Institute in Dilsukhnagar, Hyderabad Coss Cloud Solutions — Expert IT training insights from Coss Cloud Solutions, Hyderabad&#x27;s leading IT institu…","Best Python Institute in Dilsukhnagar, Hyderabad — Expert IT training insights from Coss Cloud Solutions, Hyderabad's leading IT institute.",139,Shared code-template bug in src/app/blog/[slug]/page.tsx fallback description generator (isCleanExcerpt=false branch) concatenates titleStr + fixed brand tagline -- double-counts brand whenever titleStr itself mentions it. One code fix (strip brand from titleStr before concatenating) resolves all rows sharing this note.
/blog/best-ms-office-institute-in-hyderabad-coss-cloud-solutions,description,"Best MS Office Institute in Hyderabad COSS Cloud Solutions — Expert IT training insights from Coss Cloud Solutions, Hyderabad&#x27;s leading IT institute.","Best MS Office Institute in Hyderabad — Expert IT training insights from Coss Cloud Solutions, Hyderabad's leading IT institute.",128,Shared code-template bug in src/app/blog/[slug]/page.tsx fallback description generator (isCleanExcerpt=false branch) concatenates titleStr + fixed brand tagline -- double-counts brand whenever titleStr itself mentions it. One code fix (strip brand from titleStr before concatenating) resolves all rows sharing this note.
/blog/best-ms-office-institute-in-dilsukhnagar-hyderabad-coss-cloud-solutions,description,"Best MS Office Institute in Dilsukhnagar, Hyderabad Coss Cloud Solutions — Expert IT training insights from Coss Cloud Solutions, Hyderabad&#x27;s leading IT inst…","Best MS Office Institute in Dilsukhnagar, Hyderabad — Expert IT training insights from Coss Cloud Solutions, Hyderabad's leading IT institute.",142,Shared code-template bug in src/app/blog/[slug]/page.tsx fallback description generator (isCleanExcerpt=false branch) concatenates titleStr + fixed brand tagline -- double-counts brand whenever titleStr itself mentions it. One code fix (strip brand from titleStr before concatenating) resolves all rows sharing this note.
/blog/best-microsoft-office-training-institute-in-dilsukhnagar-hyderabad-coss-cloud-solutions,description,"Best Microsoft Office Training Institute in Dilsukhnagar, Hyderabad Coss Cloud Solutions — Expert IT training insights from Coss Cloud Solutions, Hyderabad&#x27;s…","Best Microsoft Office Training Institute in Dilsukhnagar, Hyderabad — Expert IT training insights from Coss Cloud Solutions, Hyderabad's leading IT institute.",158,Shared code-template bug in src/app/blog/[slug]/page.tsx fallback description generator (isCleanExcerpt=false branch) concatenates titleStr + fixed brand tagline -- double-counts brand whenever titleStr itself mentions it. One code fix (strip brand from titleStr before concatenating) resolves all rows sharing this note.
/blog/best-linux-training-institute-in-dilsukhnagarhyderabad,description,"Best Linux Training Institute in Dilsukhnagar, Hyderabad Coss Cloud Solutions — Expert IT training insights from Coss Cloud Solutions, Hyderabad&#x27;s leading IT…","Best Linux Training Institute in Dilsukhnagar, Hyderabad — Expert IT training insights from Coss Cloud Solutions, Hyderabad's leading IT institute.",147,Shared code-template bug in src/app/blog/[slug]/page.tsx fallback description generator (isCleanExcerpt=false branch) concatenates titleStr + fixed brand tagline -- double-counts brand whenever titleStr itself mentions it. One code fix (strip brand from titleStr before concatenating) resolves all rows sharing this note.
/blog/best-linux-institute-in-dilsukhnagar-hyderabad-coss-cloud-solution,description,"Best Linux Institute in Dilsukhnagar, Hyderabad Coss Cloud Solution — Expert IT training insights from Coss Cloud Solutions, Hyderabad&#x27;s leading IT institute.","Best Linux Institute in Dilsukhnagar, Hyderabad — Expert IT training insights from Coss Cloud Solutions, Hyderabad's leading IT institute.",138,Shared code-template bug in src/app/blog/[slug]/page.tsx fallback description generator (isCleanExcerpt=false branch) concatenates titleStr + fixed brand tagline -- double-counts brand whenever titleStr itself mentions it. One code fix (strip brand from titleStr before concatenating) resolves all rows sharing this note.
/blog/best-java-institute-in-dilsukhnagar-hyderabad-coss-cloud-solution,description,"Best Java Institute in Dilsukhnagar, Hyderabad Coss Cloud Solution — Expert IT training insights from Coss Cloud Solutions, Hyderabad&#x27;s leading IT institute.","Best Java Institute in Dilsukhnagar, Hyderabad — Expert IT training insights from Coss Cloud Solutions, Hyderabad's leading IT institute.",137,Shared code-template bug in src/app/blog/[slug]/page.tsx fallback description generator (isCleanExcerpt=false branch) concatenates titleStr + fixed brand tagline -- double-counts brand whenever titleStr itself mentions it. One code fix (strip brand from titleStr before concatenating) resolves all rows sharing this note.
/blog/best-institute-for-devops-in-hyderabad-coss-cloud-solutions,description,"Best Institute for DevOps in Hyderabad Coss Cloud Solutions — Expert IT training insights from Coss Cloud Solutions, Hyderabad&#x27;s leading IT institute.","Best Institute for DevOps in Hyderabad — Expert IT training insights from Coss Cloud Solutions, Hyderabad's leading IT institute.",129,Shared code-template bug in src/app/blog/[slug]/page.tsx fallback description generator (isCleanExcerpt=false branch) concatenates titleStr + fixed brand tagline -- double-counts brand whenever titleStr itself mentions it. One code fix (strip brand from titleStr before concatenating) resolves all rows sharing this note.
/blog/best-google-cloud-institute-in-dilsukhnagar-hyderabad-coss-cloud-solution,description,"Best Google Cloud Institute in Dilsukhnagar, Hyderabad Coss Cloud Solution — Expert IT training insights from Coss Cloud Solutions, Hyderabad&#x27;s leading IT in…","Best Google Cloud Institute in Dilsukhnagar, Hyderabad — Expert IT training insights from Coss Cloud Solutions, Hyderabad's leading IT institute.",145,Shared code-template bug in src/app/blog/[slug]/page.tsx fallback description generator (isCleanExcerpt=false branch) concatenates titleStr + fixed brand tagline -- double-counts brand whenever titleStr itself mentions it. One code fix (strip brand from titleStr before concatenating) resolves all rows sharing this note.
/blog/best-full-stack-java-training-institute-in-dilsukhnagar-hyderabad-coss-cloud-solutions,description,"Best Full Stack Java Training Institute in Dilsukhnagar, Hyderabad Coss Cloud Solutions — Expert IT training insights from Coss Cloud Solutions, Hyderabad&#x27;s …","Best Full Stack Java Training Institute in Dilsukhnagar, Hyderabad — Expert IT training insights from Coss Cloud Solutions, Hyderabad's leading IT institute.",157,Shared code-template bug in src/app/blog/[slug]/page.tsx fallback description generator (isCleanExcerpt=false branch) concatenates titleStr + fixed brand tagline -- double-counts brand whenever titleStr itself mentions it. One code fix (strip brand from titleStr before concatenating) resolves all rows sharing this note.
/blog/best-ethical-hacking-institute-in-hyderabad-coss-cloud-solutions,description,"Best Ethical Hacking Institute in Hyderabad Coss Cloud Solutions — Expert IT training insights from Coss Cloud Solutions, Hyderabad&#x27;s leading IT institute.","Best Ethical Hacking Institute in Hyderabad — Expert IT training insights from Coss Cloud Solutions, Hyderabad's leading IT institute.",134,Shared code-template bug in src/app/blog/[slug]/page.tsx fallback description generator (isCleanExcerpt=false branch) concatenates titleStr + fixed brand tagline -- double-counts brand whenever titleStr itself mentions it. One code fix (strip brand from titleStr before concatenating) resolves all rows sharing this note.
/blog/best-ethical-hacking-institute-in-dilsukhnagar-hyderabad-coss-cloud-solutions,description,"Best Ethical Hacking Institute in Dilsukhnagar, Hyderabad Coss Cloud Solutions — Expert IT training insights from Coss Cloud Solutions, Hyderabad&#x27;s leading I…","Best Ethical Hacking Institute in Dilsukhnagar, Hyderabad — Expert IT training insights from Coss Cloud Solutions, Hyderabad's leading IT institute.",148,Shared code-template bug in src/app/blog/[slug]/page.tsx fallback description generator (isCleanExcerpt=false branch) concatenates titleStr + fixed brand tagline -- double-counts brand whenever titleStr itself mentions it. One code fix (strip brand from titleStr before concatenating) resolves all rows sharing this note.
/blog/best-digital-marketing-institute-in-hyderabad-coss-cloud-solutions-2,description,"Best Digital Marketing Institute in Hyderabad Coss Cloud Solutions — Expert IT training insights from Coss Cloud Solutions, Hyderabad&#x27;s leading IT institute.","Best Digital Marketing Institute in Hyderabad — Expert IT training insights from Coss Cloud Solutions, Hyderabad's leading IT institute.",136,Shared code-template bug in src/app/blog/[slug]/page.tsx fallback description generator (isCleanExcerpt=false branch) concatenates titleStr + fixed brand tagline -- double-counts brand whenever titleStr itself mentions it. One code fix (strip brand from titleStr before concatenating) resolves all rows sharing this note.
/blog/best-digital-marketing-institute-in-hyderabad-coss-cloud-solutions,description,"Best Digital Marketing Institute in Hyderabad Coss Cloud Solutions — Expert IT training insights from Coss Cloud Solutions, Hyderabad&#x27;s leading IT institute.","Best Digital Marketing Institute in Hyderabad — Expert IT training insights from Coss Cloud Solutions, Hyderabad's leading IT institute.",136,Shared code-template bug in src/app/blog/[slug]/page.tsx fallback description generator (isCleanExcerpt=false branch) concatenates titleStr + fixed brand tagline -- double-counts brand whenever titleStr itself mentions it. One code fix (strip brand from titleStr before concatenating) resolves all rows sharing this note.
/blog/best-digital-marketing-institute-in-dilsukhnagar-hyderabad-coss-cloud-solutions,description,"Best Digital Marketing Institute in Dilsukhnagar, Hyderabad Coss Cloud Solutions — Expert IT training insights from Coss Cloud Solutions, Hyderabad&#x27;s leading…","Best Digital Marketing Institute in Dilsukhnagar, Hyderabad — Expert IT training insights from Coss Cloud Solutions, Hyderabad's leading IT institute.",150,Shared code-template bug in src/app/blog/[slug]/page.tsx fallback description generator (isCleanExcerpt=false branch) concatenates titleStr + fixed brand tagline -- double-counts brand whenever titleStr itself mentions it. One code fix (strip brand from titleStr before concatenating) resolves all rows sharing this note.
/blog/best-digital-marketing-course-in-dilsukhnagar-coss-cloud-solutions,description,"Why COSS Cloud Solutions Offers the Best Digital Marketing Course in Hyderabad — Expert IT training insights from Coss Cloud Solutions, Hyderabad&#x27;s leading I…","Why Offers the Best Digital Marketing Course in Hyderabad — Expert IT training insights from Coss Cloud Solutions, Hyderabad's leading IT institute.",148,Shared code-template bug in src/app/blog/[slug]/page.tsx fallback description generator (isCleanExcerpt=false branch) concatenates titleStr + fixed brand tagline -- double-counts brand whenever titleStr itself mentions it. One code fix (strip brand from titleStr before concatenating) resolves all rows sharing this note.
/blog/best-cyber-security-institute-in-hyderabad-coss-cloud-solutions,description,"Best Cyber Security Institute in Hyderabad Coss Cloud Solutions — Expert IT training insights from Coss Cloud Solutions, Hyderabad&#x27;s leading IT institute.","Best Cyber Security Institute in Hyderabad — Expert IT training insights from Coss Cloud Solutions, Hyderabad's leading IT institute.",133,Shared code-template bug in src/app/blog/[slug]/page.tsx fallback description generator (isCleanExcerpt=false branch) concatenates titleStr + fixed brand tagline -- double-counts brand whenever titleStr itself mentions it. One code fix (strip brand from titleStr before concatenating) resolves all rows sharing this note.
/blog/best-cyber-security-institute-in-dilsukhnagar-hyderabad-coss-cloud-solutions,description,"Best Cyber Security Institute in Dilsukhnagar, Hyderabad Coss Cloud Solutions — Expert IT training insights from Coss Cloud Solutions, Hyderabad&#x27;s leading IT…","Best Cyber Security Institute in Dilsukhnagar, Hyderabad — Expert IT training insights from Coss Cloud Solutions, Hyderabad's leading IT institute.",147,Shared code-template bug in src/app/blog/[slug]/page.tsx fallback description generator (isCleanExcerpt=false branch) concatenates titleStr + fixed brand tagline -- double-counts brand whenever titleStr itself mentions it. One code fix (strip brand from titleStr before concatenating) resolves all rows sharing this note.
/blog/best-communication-skills-institute-in-hyderabad-coss-cloud-solutions,description,"Best Communication Skills Institute in Hyderabad COSS Cloud Solutions — Expert IT training insights from Coss Cloud Solutions, Hyderabad&#x27;s leading IT institu…","Best Communication Skills Institute in Hyderabad — Expert IT training insights from Coss Cloud Solutions, Hyderabad's leading IT institute.",139,Shared code-template bug in src/app/blog/[slug]/page.tsx fallback description generator (isCleanExcerpt=false branch) concatenates titleStr + fixed brand tagline -- double-counts brand whenever titleStr itself mentions it. One code fix (strip brand from titleStr before concatenating) resolves all rows sharing this note.
/blog/best-communication-skills-institute-in-dilsukhnagar-hyderabad-coss-cloud-solutions,description,"Best Communication Skills Institute in Dilsukhnagar, Hyderabad Coss Cloud Solutions — Expert IT training insights from Coss Cloud Solutions, Hyderabad&#x27;s lead…","Best Communication Skills Institute in Dilsukhnagar, Hyderabad — Expert IT training insights from Coss Cloud Solutions, Hyderabad's leading IT institute.",153,Shared code-template bug in src/app/blog/[slug]/page.tsx fallback description generator (isCleanExcerpt=false branch) concatenates titleStr + fixed brand tagline -- double-counts brand whenever titleStr itself mentions it. One code fix (strip brand from titleStr before concatenating) resolves all rows sharing this note.
/blog/best-certification-course-institute-in-kukatpally-hyderabad-coss-cloud-solutions,description,"Best Certification Course Institute in Kukatpally, Hyderabad Coss Cloud Solutions — Expert IT training insights from Coss Cloud Solutions, Hyderabad&#x27;s leadin…","Best Certification Course Institute in Kukatpally, Hyderabad — Expert IT training insights from Coss Cloud Solutions, Hyderabad's leading IT institute.",151,Shared code-template bug in src/app/blog/[slug]/page.tsx fallback description generator (isCleanExcerpt=false branch) concatenates titleStr + fixed brand tagline -- double-counts brand whenever titleStr itself mentions it. One code fix (strip brand from titleStr before concatenating) resolves all rows sharing this note.
/blog/best-certification-course-institute-in-hyderabad-coss-cloud-solutions,description,"Best Certification Course Institute in Hyderabad COSS Cloud Solutions — Expert IT training insights from Coss Cloud Solutions, Hyderabad&#x27;s leading IT institu…","Best Certification Course Institute in Hyderabad — Expert IT training insights from Coss Cloud Solutions, Hyderabad's leading IT institute.",139,Shared code-template bug in src/app/blog/[slug]/page.tsx fallback description generator (isCleanExcerpt=false branch) concatenates titleStr + fixed brand tagline -- double-counts brand whenever titleStr itself mentions it. One code fix (strip brand from titleStr before concatenating) resolves all rows sharing this note.
/blog/best-certification-course-institute-in-dilsukhnagar-hyderabad-coss-cloud-solutions,description,"Best Certification Course Institute in Dilsukhnagar, Hyderabad Coss Cloud Solutions — Expert IT training insights from Coss Cloud Solutions, Hyderabad&#x27;s lead…","Best Certification Course Institute in Dilsukhnagar, Hyderabad — Expert IT training insights from Coss Cloud Solutions, Hyderabad's leading IT institute.",153,Shared code-template bug in src/app/blog/[slug]/page.tsx fallback description generator (isCleanExcerpt=false branch) concatenates titleStr + fixed brand tagline -- double-counts brand whenever titleStr itself mentions it. One code fix (strip brand from titleStr before concatenating) resolves all rows sharing this note.
/blog/best-certification-course-institute-in-ameerpet-hyderabad-coss-cloud-solutions,description,"Best Certification Course Institute in Ameerpet, Hyderabad COSS Cloud Solutions — Expert IT training insights from Coss Cloud Solutions, Hyderabad&#x27;s leading …","Best Certification Course Institute in Ameerpet, Hyderabad — Expert IT training insights from Coss Cloud Solutions, Hyderabad's leading IT institute.",149,Shared code-template bug in src/app/blog/[slug]/page.tsx fallback description generator (isCleanExcerpt=false branch) concatenates titleStr + fixed brand tagline -- double-counts brand whenever titleStr itself mentions it. One code fix (strip brand from titleStr before concatenating) resolves all rows sharing this note.
/blog/best-azure-devops-institute-in-dilsukhnagar-hyderabad-coss-cloud-solution,description,"Best Azure Devops Institute in Dilsukhnagar, Hyderabad Coss Cloud Solution — Expert IT training insights from Coss Cloud Solutions, Hyderabad&#x27;s leading IT in…","Best Azure Devops Institute in Dilsukhnagar, Hyderabad — Expert IT training insights from Coss Cloud Solutions, Hyderabad's leading IT institute.",145,Shared code-template bug in src/app/blog/[slug]/page.tsx fallback description generator (isCleanExcerpt=false branch) concatenates titleStr + fixed brand tagline -- double-counts brand whenever titleStr itself mentions it. One code fix (strip brand from titleStr before concatenating) resolves all rows sharing this note.
/blog/best-azure-cloud-institute-in-dilsukhnagar-hyderabad-coss-cloud-solution,description,"Best Azure Cloud Institute in Dilsukhnagar, Hyderabad Coss Cloud Solution — Expert IT training insights from Coss Cloud Solutions, Hyderabad&#x27;s leading IT ins…","Best Azure Cloud Institute in Dilsukhnagar, Hyderabad — Expert IT training insights from Coss Cloud Solutions, Hyderabad's leading IT institute.",144,Shared code-template bug in src/app/blog/[slug]/page.tsx fallback description generator (isCleanExcerpt=false branch) concatenates titleStr + fixed brand tagline -- double-counts brand whenever titleStr itself mentions it. One code fix (strip brand from titleStr before concatenating) resolves all rows sharing this note.
/blog/best-aws-institutes-in-hyderabad-coss-cloud-solutions,description,"Best AWS Institutes in Hyderabad Coss Cloud Solutions — Expert IT training insights from Coss Cloud Solutions, Hyderabad&#x27;s leading IT institute.","Best AWS Institutes in Hyderabad — Expert IT training insights from Coss Cloud Solutions, Hyderabad's leading IT institute.",123,Shared code-template bug in src/app/blog/[slug]/page.tsx fallback description generator (isCleanExcerpt=false branch) concatenates titleStr + fixed brand tagline -- double-counts brand whenever titleStr itself mentions it. One code fix (strip brand from titleStr before concatenating) resolves all rows sharing this note.
/blog/best-aws-course-provider-in-hyderabad-coss-cloud-solutions,description,"Best AWS Course Provider in Hyderabad Coss Cloud Solutions — Expert IT training insights from Coss Cloud Solutions, Hyderabad&#x27;s leading IT institute.","Best AWS Course Provider in Hyderabad — Expert IT training insights from Coss Cloud Solutions, Hyderabad's leading IT institute.",128,Shared code-template bug in src/app/blog/[slug]/page.tsx fallback description generator (isCleanExcerpt=false branch) concatenates titleStr + fixed brand tagline -- double-counts brand whenever titleStr itself mentions it. One code fix (strip brand from titleStr before concatenating) resolves all rows sharing this note.
/blog/azure-devops-training-dilsukhnagar-hyderabad,description,"Azure DevOps Training in Dilsukhnagar at Coss Cloud Solutions — Expert IT training insights from Coss Cloud Solutions, Hyderabad&#x27;s leading IT institute.","Azure DevOps Training in Dilsukhnagar — Expert IT training insights from Coss Cloud Solutions, Hyderabad's leading IT institute.",128,Shared code-template bug in src/app/blog/[slug]/page.tsx fallback description generator (isCleanExcerpt=false branch) concatenates titleStr + fixed brand tagline -- double-counts brand whenever titleStr itself mentions it. One code fix (strip brand from titleStr before concatenating) resolves all rows sharing this note.
/blog/azure-data-engineer-training-in-hyderabad,description,"Best Azure Data Engineer Training in Hyderabad Coss Cloud Solutions — Expert IT training insights from Coss Cloud Solutions, Hyderabad&#x27;s leading IT institute.","Best Azure Data Engineer Training in Hyderabad — Expert IT training insights from Coss Cloud Solutions, Hyderabad's leading IT institute.",137,Shared code-template bug in src/app/blog/[slug]/page.tsx fallback description generator (isCleanExcerpt=false branch) concatenates titleStr + fixed brand tagline -- double-counts brand whenever titleStr itself mentions it. One code fix (strip brand from titleStr before concatenating) resolves all rows sharing this note.
/blog/azure-data-engineer-training-in-dilsukhnagar-hyderabad,description,"Azure Data Engineer Training in Dilsukhnagar Hyderabad with Coss Cloud Solutions — Expert IT training insights from Coss Cloud Solutions, Hyderabad&#x27;s leading…","Azure Data Engineer Training in Dilsukhnagar Hyderabad — Expert IT training insights from Coss Cloud Solutions, Hyderabad's leading IT institute.",145,Shared code-template bug in src/app/blog/[slug]/page.tsx fallback description generator (isCleanExcerpt=false branch) concatenates titleStr + fixed brand tagline -- double-counts brand whenever titleStr itself mentions it. One code fix (strip brand from titleStr before concatenating) resolves all rows sharing this note.
/blog/aws-devops-multi-cloud-course-dilsukhnagar,description,"AWS DevOps MultiCloud Certification Course in Dilsukhnagar (Coss Cloud Solutions) — Expert IT training insights from Coss Cloud Solutions, Hyderabad&#x27;s leadin…","AWS DevOps Multi-Cloud Certification Course in Dilsukhnagar () — Expert IT training insights from Coss Cloud Solutions, Hyderabad's leading IT institute.",153,Shared code-template bug in src/app/blog/[slug]/page.tsx fallback description generator (isCleanExcerpt=false branch) concatenates titleStr + fixed brand tagline -- double-counts brand whenever titleStr itself mentions it. One code fix (strip brand from titleStr before concatenating) resolves all rows sharing this note.
/blog/aws-cloud-training-advantages-with-coss-cloud-solutions-in-hyderabad,description,"AWS Cloud Training Advantages with Coss Cloud Solutions in Hyderabad — Expert IT training insights from Coss Cloud Solutions, Hyderabad&#x27;s leading IT institut…","AWS Cloud Training Advantages in Hyderabad — Expert IT training insights from Coss Cloud Solutions, Hyderabad's leading IT institute.",133,Shared code-template bug in src/app/blog/[slug]/page.tsx fallback description generator (isCleanExcerpt=false branch) concatenates titleStr + fixed brand tagline -- double-counts brand whenever titleStr itself mentions it. One code fix (strip brand from titleStr before concatenating) resolves all rows sharing this note.
/blog/aws-cloud-course-training-in-hyderabad-with-coss-cloud-solutions,description,"AWS Cloud Course Training in Hyderabad with Coss Cloud Solutions — Expert IT training insights from Coss Cloud Solutions, Hyderabad&#x27;s leading IT institute.","AWS Cloud Course Training in Hyderabad — Expert IT training insights from Coss Cloud Solutions, Hyderabad's leading IT institute.",129,Shared code-template bug in src/app/blog/[slug]/page.tsx fallback description generator (isCleanExcerpt=false branch) concatenates titleStr + fixed brand tagline -- double-counts brand whenever titleStr itself mentions it. One code fix (strip brand from titleStr before concatenating) resolves all rows sharing this note.
/blog/artificial-intelligence-training-in-dilsukhnagar-with-coss-cloud-solutions,description,"Artificial intelligence Training in Dilsukhnagar with Coss Cloud Solutions — Expert IT training insights from Coss Cloud Solutions, Hyderabad&#x27;s leading IT in…","Artificial intelligence Training in Dilsukhnagar — Expert IT training insights from Coss Cloud Solutions, Hyderabad's leading IT institute.",139,Shared code-template bug in src/app/blog/[slug]/page.tsx fallback description generator (isCleanExcerpt=false branch) concatenates titleStr + fixed brand tagline -- double-counts brand whenever titleStr itself mentions it. One code fix (strip brand from titleStr before concatenating) resolves all rows sharing this note.
/blog/advance-your-career-at-the-top-devops-institute-in-dilsukhnagar-coss-cloud-solutions,description,"Advance Your Career at the Top DevOps Institute in Dilsukhnagar Coss Cloud Solutions — Expert IT training insights from Coss Cloud Solutions, Hyderabad&#x27;s lea…","Advance Your Career at the Top DevOps Institute in Dilsukhnagar — Expert IT training insights from Coss Cloud Solutions, Hyderabad's leading IT institute.",154,Shared code-template bug in src/app/blog/[slug]/page.tsx fallback description generator (isCleanExcerpt=false branch) concatenates titleStr + fixed brand tagline -- double-counts brand whenever titleStr itself mentions it. One code fix (strip brand from titleStr before concatenating) resolves all rows sharing this note.
/blog/77674-2,description,"Master AWS DevOps in Hyderabad with Coss Cloud Solutions — Expert IT training insights from Coss Cloud Solutions, Hyderabad&#x27;s leading IT institute.","Master AWS DevOps in Hyderabad — Expert IT training insights from Coss Cloud Solutions, Hyderabad's leading IT institute.",121,Shared code-template bug in src/app/blog/[slug]/page.tsx fallback description generator (isCleanExcerpt=false branch) concatenates titleStr + fixed brand tagline -- double-counts brand whenever titleStr itself mentions it. One code fix (strip brand from titleStr before concatenating) resolves all rows sharing this note.
